"Reference","Qty","Value","DNP","Exclude from BOM","Datasheet","Manufacturer_Part_Number","Mouser Part Number","Mouser Price/Stock","Value 2M","Description"
"BANK_EB1,BANK_NA1,BANK_NB1","3","B-V-20-LF","","","","B-V-20-LF","","","",""
"BANK_MISC1","1","P-B-V-34-LF","","","","P-B-V-34-LF","","","",""
"C1,C2,C3,C4,C5,C6,C7,C8,C43,C47,C58,C62,C66,C68,C73,C78,C106,C107","18","2.2uF/6.3V/20%/X5R/C0402","","","","GRM155R60J225ME15D","","","",""
"C9,C10,C11,C12,C13,C14,C15,C16,C30,C42,C44,C46,C48,C59,C63,C67,C70,C75,C82,C85,C86,C87,C89,C90,C91,C92,C94,C95,C96,C97,C98,C99,C100,C101,C102,C103,C104,C105,C108,C109","40","100nF","","","","GRM155R71C104KA88D","","","",""
"C17,C18,C19,C20,C21,C22,C23,C24,C25,C26,C27,C28,C29,C31,C32,C33,C34,C35,C36,C37,C38,C41,C45,C49,C50,C51,C52,C53,C54,C55,C56,C57,C60,C61,C64,C65,C69,C71,C72,C74,C76,C77,C79,C80,C81","45","1nF/50V/10%/X7R/C0402","","","","GRM155R71H102KA01D","","","",""
"C39,C40,C126","3","10uF","","","","GRM155R60J106ME44D","","","",""
"C83,C112,C114,C118,C120,C124","6","22uF","","","","GRM188R60J226MEA0D","","","",""
"C84","1","NA(100nF)","DNP","","","GRM155R61A104KA01D","","","100nF/10V/20%/X5R/C0402",""
"C88","1","22uF","","","","GRM188R60J226MEA0D","","","",""
"C93","1","NA/C0402","","","","NEEDS_VALUE","","","",""
"C110,C111","2","18pF/50V/5%/C0G/C0402","","","","GRM1555C1H180JA01D","","","",""
"C113,C115,C119,C121,C125","5","47uF","","","","GRM21BR60J476ME15L","","","",""
"C116,C117,C122,C123","4","NA(2.2uF/6.3V/20%/X5R/C0402)","DNP","","","GRM155R60J225ME15D","","","",""
"C127,C128","2","22uF","DNP","","","GRM188R60J226MEA0D","","","",""
"CFG_DONE_LED1,FPGA_LED1","2","LED/GREEN/0603","","","","LTST-C190KGKT","","","",""
"CFG_FAILED_LED1,FPGA_RST_LED1,PWR_LED1","3","LED/RED/0603","","","","LTST-C190KRKT","","","",""
"CFG_SET1","1","DSHP04TS-S","","","","DSHP04TS-S ","","https://jlcpcb.com/partdetail/XKBConnection-DSHP04TSS/C319050","",""
"CLK0_EN1,POR_EN1","2","H-WX-1x2-LF(Closed)","","","https://m.morethanall.com/images/products/August2018/DCG2AME650yo2wCUmrHu.pdf","H-WX-1x2-LF","","","",""
"CR1","1","Q10MHz/30ppm/1.62V-3.63V/4P/5x3.2mm(SX5M10.000M20F30TNN_LCSC-C2901522)","","","","SX5M10.000M20F30TNN","","https://jlcpcb.com/partdetail/3151335-SX5M10000M20F30TNN/C2901522","",""
"D1","1","1N5819S4/SOD123","","","","1N5819S4-13-F","","","",""
"FPGA_BUT1,FPGA_RST1,RP-BOOT1,RP-RST1","4","YTS-A016-X","","","","YTS-A016-X","","","",""
"IC1","1","TUSB1106PWR","","","http://www.ti.com/lit/gpn/tusb1106","TUSB1106PWR","595-TUSB1106PWR","https://www.mouser.co.uk/ProductDetail/Texas-Instruments/TUSB1106PWR?qs=7kv20MEVUlg2%2FxFfZrfm%2FA%3D%3D","","Texas Instruments TUSB1106PWR, USB Transceiver, USB 2.0 at 12Mbit/s, 3.3 V, 5 V, 16-Pin TSSOP"
"J2","1","Conn_02x04_Counter_Clockwise","","","","61300821121","","","","Generic connector, double row, 02x04, counter clockwise pin numbering scheme (similar to DIP package numbering), script generated (kicad-library-utils/schlib/autogen/connector/)"
"JTAG_LED1","1","LED/YELLOW/0603","","","","LTST-C190KSKT","","","",""
"JUMP_CAP1,JUMP_CAP2,JUMP_CAP3,JUMP_CAP4,JUMP_CAP5,JUMP_CAP6","6","MJ6","","","https://store.comet.bg/download-file.php?id=1217","MJ6","","","",""
"L1,L2","2","FB0805/600R/2A","","","","BLM21PG601SN1D","","","",""
"L3,L4,L5,L6,L7","5","1.0uH/4.2A/DCR=35mR/20%/2.00x1.60x1.00mm/L2016(PIM201610-1R0MTS00)","","","","PIM201610-1R0MTS00","","","",""
"Q1","1","Q12MHz/20pF/10ppm/4P/3.2x2.5mm","","","","FA-238 12.0000MB-C3","","","",""
"R1,R4","2","NA(200R/1%/R0402)","DNP","","","RC0402FR-07200RL","","","",""
"R2,R3,R6,R10","4","0R/R0402","","","","RC0402FR-070RL","","","",""
"R5","1","4.7R/R0402","","","","RC0402FR-074R7L","","","",""
"R7,R17,R18,R25,R26,R27,R66,R76","8","2.2k/R0402","","","","RC0402FR-072K2L","","","",""
"R8,R19,R28,R45,R53,R57","6","10k/R0402","","","","RC0402FR-0710KL","","","",""
"R9","1","NA(0R/R0402)","DNP","","","RC0402FR-070RL","","","",""
"R11,R12,R13,R15","4","NA(R0402)","DNP","","","NEEDS_VALUE","","","",""
"R14,R16,R21,R49","4","NA(10k/R0402)","DNP","","","RC0402FR-0710KL","","","10k/R0402",""
"R20,R36,R46,R50,R51,R59","6","100R/R0402","","","","RC0402FR-07100RL","","","",""
"R22","1","200R/1%/R0402","","","","RC0402FR-07200RL","","","",""
"R23","1","22k","DNP","","","RC0402FR-0722KL","","","","Resistor, small symbol"
"R24","1","50k","DNP","","","RC0402FR-0750KL","","","","Resistor, small symbol"
"R29","1","18.2k","DNP","","","RC0402FR-0718K2L","","","","Resistor, small symbol"
"R31,R54,R58","3","22R/R0402","","","","RC0402FR-0722RL","","","",""
"R47,R48","2","NA(22R/R0402)","DNP","","","RC0402FR-0722RL","","","",""
"R52","1","NA(100R/R0402)","DNP","","","RC0402FR-07100RL","","","",""
"R55,R56","2","27R/R0402","","","","RC0402FR-0727RL","","","",""
"R60","1","3.32k/1%/R0402","","","","RC0402FR-073K32L","","","",""
"R61","1","4.7k/1%/R0402","","","","RC0402FR-074K7L","","","",""
"R62,R63,R69,R70","4","100k/R0402","","","","RC0402FR-07100KL","","","",""
"R64,R65","2","1.05k/1%/R0402","","","","RC0402FR-071K05L","","","",""
"R67","1","20k/1%/R0402","","","","RC0402FR-0720KL","","","",""
"R68,R71,R72","3","10k/1%/R0402","","","","RC0402FR-0710KL","","","",""
"R73","1","1k/1%/R0402","","","","RC0402FR-071KL","","","",""
"R74,R75","2","5.1k/1%/R0402","","","","RC0402FR-075K1L","","","",""
"R77","1","6.04k/1%/R0402","","","","RC0402FR-076K04L","","","",""
"R78","1","2k/1%/R0402","","","","RC0402FR-072KL","","","",""
"R79","1","3.01k/1%/R0402","","","","RC0402FR-073K01L","","","",""
"RM1,RM2","2","RA1206_(4x0603)_4B8_10k","","","","CAT16-103J4LF","","","",""
"RM3","1","NA(RA1206_(4x0603)_4B8_10k)","DNP","","","CAT16-103J4LF","","","RA1206_(4x0603)_4B8_10k",""
"SWD1","1","NA(HN1x3)","DNP","","","HN1x3-LF","","","",""
"U1","1","CCGM1A1(FBGA-324)","","","https://colognechip.com/docs/ds1001-gatemate1-datasheet-2022-05.pdf","CCGM1A1-BGA324","","https://www.digikey.de/de/products/detail/cologne-chip/CCGM1A1-BGA324/16087879","",""
"U2","1","HX7027(SOT-23-3)","","","","HX7027","","https://jlcpcb.com/partdetail/HX_hengjiaxing-HX7027/C2984884","",""
"U3","1","NA(ZD25WQ16CSIGT(SOIC-8_208mils))","DNP","","","ZD25WQ16CSIGT","","","ZD25WQ16CSIGT(SOIC-8_208mils)",""
"U4","1","NA(MCP120T-300I/TT(SOT-23-3))","DNP","","","MCP120T-300I/TT","","","",""
"U5,U6","2","TXB0108PWR(TSSOP-20)","","","https://www.ti.com/lit/ds/symlink/txb0108.pdf?ts=1777621802504&ref_url=https%253A%252F%252Fwww.ti.com%252Fproduct%252FTXB0108%253FkeyMatch%253DTXB0108PWR%2526tisearch%253Duniversal_search%2526usecase%253DOPN-ALT","TXB0108PWR ","595-TXB0108PWR ","https://www.mouser.de/ProductDetail/Texas-Instruments/TXB0108PWR?qs=oFXvjAmG9EgEUWGWzOVFCA%3D%3D","",""
"U7,U9","2","LY68S3200SLT(SOIC-8_150mil)","","","LY68S3200SLT.pdf","LY68S3200SLT","","https://jlcpcb.com/partdetail/Lyontek_Inc-LY68S3200SLT/C261882","",""
"U8","1","ZD25WQ16CSIGT(SOIC-8_208mils)","","","","ZD25WQ16CSIGT","","https://www.lcsc.com/product-detail/C5353597.html","",""
"U10","1","RP2040(QFN-56_7x7mm_P0.4mm)","","","https://datasheets.raspberrypi.com/rp2040/rp2040-datasheet.pdf","SC0914(13) ","358-SC091413 ","https://www.mouser.de/ProductDetail/Raspberry-Pi/SC091413?qs=T%252BzbugeAwjhr%252BUbBr3TJcw%3D%3D","",""
"U11,U12,U13,U14,U15","5","TPS62A02ADRLR(SOT-563-6)","","","https://www.ti.com/lit/ds/symlink/tps62a02a.pdf?ts=1709667174890&ref_url=https%253A%252F%252Fwww.ti.com%252Fpower-management%252Fnon-isolated-dc-dc-switching-regulators%252Fstep-down-buck%252Fproducts.html","TPS62A02ADRLR","595-TPS62A02ADRLR ","https://www.mouser.de/ProductDetail/Texas-Instruments/TPS62A02ADRLR?qs=By6Nw2ByBD27zXzxBxM12w%3D%3D","",""
"U16","1","TLV75801PDBV","DNP","","https://www.ti.com/lit/ds/symlink/tlv758p.pdf","TLV75801PDBVR","595-TLV75801PDBVR ","https://www.mouser.de/ProductDetail/Texas-Instruments/TLV75801PDBVR?qs=vLWxofP3U2xDujOQuzp8eQ%3D%3D","","500mA Low-Dropout Linear Regulator, Adjustable Output, SOT-23-5"
"U18","1","SiP32432DR3","DNP","","http://www.vishay.com.hk/docs/66597/sip32431.pdf","SIP32432DR3-T1GE3 ","78-SIP32432DR3-T1GE3 ","https://www.mouser.de/ProductDetail/Vishay-Semiconductors/SIP32432DR3-T1GE3?qs=wnTfsH77Xs7cPqcvWTHLUg%3D%3D","","10 pA, Ultra Low Leakage and Quiescent Current, Load Switch with Reverse Blocking, Low Enable, SC-70-6"
"UEXT1","1","P-B-V-10-LF","","","","P-B-V-10-LF","","","",""
"USB-C1","1","USB-C-16P-F(A40-00119-A52-12)","","","https://gct.co/connector/usb4105","A40-00119-A52-12","","","",""
"VDD_CORE_E1","1","Closed","DNP","","","DNP-JUMPER","","","",""
"VDD_CORE_SET1","1","H-WX-1x3-LF(1-2:Closed/2-3:Opened)","","","https://m.morethanall.com/images/products/August2018/DCG2AME650yo2wCUmrHu.pdf","H-WX-1x3-LF","","","",""
"VDD_EB_SEL1,VDD_NA_SEL1,VDD_NB_SEL1","3","H-V33X-2x03-LF(1-2:Closed)","","","","H-V33X-2x03-LF","","","",""
